quantity,brazil,hong_kong,classification,evidence,reasoning
Power,p_dc_computed = vdc1*idc1 + vdc2*idc2; DC array power; 1 Hz,power(W); AC active power (CONFIRMED from inverter schema); 15-min interval mean labelled at interval start,PROXY-COMPARABLE ONLY (not physically equivalent),CONFIRMED,"Capacity normalisation puts both on a 0-1 scale, but does NOT make them the same physical quantity: Brazil is pre-inverter DC, HK is post-inverter AC. Objective 2 rejected introducing an assumed inverter efficiency, and that reasoning applies unchanged here. Carried into Part 2 as the only viable shared electrical signal, with the DC/AC residual left explicitly unresolved. Closing it would require either DC-side measurement at SQ1 (not recorded anywhere in the HK release) or a load-dependent inverter efficiency curve for the SolarEdge unit (not published in the metadata)."
Irradiance,"irr_panel_wm2; panel-plane global irradiance, pyranometer at module inclination (paper Section 3.2); tilt 30 deg","Irradiance (W/m2); plane UNRESOLVED, but SQ1 is tilt 0 deg so GHI and plane-of-array coincide; station pairing to SQ1 undocumented",PROXY-COMPARABLE ONLY (not physically equivalent),SUPPORTED ASSUMPTION,"Same unit and, for each array, the same physical quantity (irradiance in the plane of that array). Two caveats that do not block comparison but must travel with it: the HK sensor plane is undocumented (inert at tilt 0), and one campus weather station serves 60 PV stations with no documented pairing to SQ1. The arrays differ in tilt (30 deg vs 0 deg), so identical sky conditions produce different plane irradiance."
Module / ambient temperature,"t_module_rear_c; rear-module temperature, mean of 4 PT100 sensors",Temp (Degree Celsius); ambient air temperature at the weather station,NOT COMPARABLE,CONFIRMED,"Different physical quantities. Rear-module temperature runs roughly 15-25 C above ambient under load, and the offset is itself a function of irradiance and wind, so it is not a fixed bias that could be subtracted. Mapping one to the other would require a thermal model with wind speed and mounting parameters, which is exactly the kind of unjustified extra parameter this project has repeatedly declined. EXCLUDED from the shared contract."
Expected power,p_exp_5k0 / p_exp_5k28; PVWatts DC from measured panel-plane irradiance,none - Objective 2 deliberately dropped DC expected power because PVWatts models DC while power(W) is AC,NOT COMPARABLE,CONFIRMED,"Absent in the target domain by design, not by oversight. Reconstructing it for HK would reintroduce the DC/AC mismatch Objective 2 removed."
Residual / ratio,"residual_5k0, ratio_5k0 (and 5k28 variants)",none in the final pipeline,NOT COMPARABLE,CONFIRMED,"Derived from expected power, so unavailable for the same reason. Note these were among the most informative Brazil features."
String voltage / current and derived imbalance,"vdc1, vdc2, idc1, idc2, v_ratio, i_ratio, v_imbalance, i_imbalance",ABSENT - HK records no string-level measurement at any station,NOT COMPARABLE,CONFIRMED,This is the decisive finding of the audit. Objective 1 established that string voltage removal collapsed short-circuit F1 to 0.002 and that voltage removal cost roughly twice what current removal cost. The features carrying Brazil's fault discrimination are precisely the ones the target domain does not have.
Sampling support,1 Hz native,15-minute interval means,NOT COMPARABLE,CONFIRMED,"Not a quantity to be mapped but a property that distorts every distribution comparison: averaging ~900 one-second samples reduces variance substantially. Handled by the diagnostic 900-second support aggregation in Part 2a, which is never used for training."
Capacity,5.0 kW rated (paper) / 5.28 kW nameplate (16 x 330 W),27.6 kW (SQ1 TTL ext:ratedPowerOutput),PROXY-COMPARABLE ONLY (not physically equivalent),CONFIRMED,"Provides the normalisation basis for power. The Brazil figure is itself ambiguous, so both variants are carried; Objective 1 found results insensitive to the choice (Macro F1 difference 0.0069)."
Derived clearness-like ratio (power_norm / irradiance),computable from the two quantities above,computable from the two quantities above,UNRESOLVED,SUPPORTED ASSUMPTION,"Constructible in both domains and would carry more information than either parent alone, but inherits every caveat of both - including the unresolved DC/AC gap in the numerator. Offered as a candidate for the shared contract, not adopted here."
