source_event_id,f_nv,start_sample_index,end_sample_index,raw_sample_count
1,0,0,31799,31800
2,4,31800,31801,2
3,0,31802,31802,1
4,4,31803,31803,1
5,0,31804,31804,1
6,4,31805,31805,1
7,0,31806,31807,2
8,4,31808,31808,1
9,0,31809,31809,1
10,4,31810,31811,2
11,0,31812,31817,6
12,4,31818,31819,2
13,0,31820,31821,2
14,4,31822,31822,1
15,0,31823,31832,10
16,4,31833,31833,1
17,0,31834,31836,3
18,4,31837,31837,1
19,0,31838,31843,6
20,4,31844,31844,1
21,0,31845,31845,1
22,4,31846,31846,1
23,0,31847,31849,3
24,4,31850,31850,1
25,0,31851,31853,3
26,4,31854,31854,1
27,0,31855,31857,3
28,4,31858,31860,3
29,0,31861,31861,1
30,4,31862,31862,1
31,0,31863,31864,2
32,4,31865,31871,7
33,0,31872,31872,1
34,4,31873,31875,3
35,0,31876,31877,2
36,4,31878,31882,5
37,0,31883,31885,3
38,4,31886,31900,15
39,0,31901,31901,1
40,4,31902,31904,3
41,0,31905,31905,1
42,4,31906,31915,10
43,0,31916,31916,1
44,4,31917,31966,50
45,0,31967,31967,1
46,4,31968,31996,29
47,0,31997,31997,1
48,4,31998,31999,2
49,0,32000,32000,1
50,4,32001,32007,7
51,0,32008,32008,1
52,4,32009,32014,6
53,0,32015,32016,2
54,4,32017,32020,4
55,0,32021,32021,1
56,4,32022,38035,6014
57,0,38036,38049,14
58,4,38050,38085,36
59,0,38086,38119,34
60,4,38120,38127,8
61,0,38128,40833,2706
62,4,40834,42066,1233
63,0,42067,44530,2464
64,4,44531,44531,1
65,0,44532,51911,7380
66,4,51912,51912,1
67,0,51913,51914,2
68,4,51915,51916,2
69,0,51917,51918,2
70,4,51919,53524,1606
71,0,53525,56284,2760
72,4,56285,56285,1
73,0,56286,56287,2
74,4,56288,62140,5853
75,0,62141,62182,42
76,4,62183,62185,3
77,0,62186,62186,1
78,4,62187,62282,96
79,0,62283,62283,1
80,4,62284,62313,30
81,0,62314,62314,1
82,4,62315,62333,19
83,0,62334,62335,2
84,4,62336,62381,46
85,0,62382,62382,1
86,4,62383,62387,5
87,0,62388,62390,3
88,4,62391,62391,1
89,0,62392,62392,1
90,4,62393,62396,4
91,0,62397,62398,2
92,4,62399,62416,18
93,0,62417,62422,6
94,4,62423,62423,1
95,0,62424,62426,3
96,4,62427,62431,5
97,0,62432,62432,1
98,4,62433,62437,5
99,0,62438,62439,2
100,4,62440,62441,2
101,0,62442,62443,2
102,4,62444,62446,3
103,0,62447,62451,5
104,4,62452,62452,1
105,0,62453,62454,2
106,4,62455,62455,1
107,0,62456,62462,7
108,4,62463,62466,4
109,0,62467,62467,1
110,4,62468,62468,1
111,0,62469,62472,4
112,4,62473,62473,1
113,0,62474,62481,8
114,4,62482,62483,2
115,0,62484,62486,3
116,4,62487,62489,3
117,0,62490,62491,2
118,4,62492,62493,2
119,0,62494,62496,3
120,4,62497,62499,3
121,0,62500,62501,2
122,4,62502,62503,2
123,0,62504,62509,6
124,4,62510,62510,1
125,0,62511,62524,14
126,4,62525,62525,1
127,0,62526,62528,3
128,4,62529,62530,2
129,0,62531,62537,7
130,4,62538,62539,2
131,0,62540,62540,1
132,4,62541,62543,3
133,0,62544,62562,19
134,4,62563,62563,1
135,0,62564,62568,5
136,4,62569,62569,1
137,0,62570,62570,1
138,4,62571,62575,5
139,0,62576,62597,22
140,4,62598,62598,1
141,0,62599,62602,4
142,4,62603,62603,1
143,0,62604,62605,2
144,4,62606,62606,1
145,0,62607,62608,2
146,4,62609,62609,1
147,0,62610,62610,1
148,4,62611,62616,6
149,0,62617,62648,32
150,4,62649,62649,1
151,0,62650,114334,51685
152,4,114335,114337,3
153,0,114338,114390,53
154,4,114391,114391,1
155,0,114392,114406,15
156,4,114407,114407,1
157,0,114408,114416,9
158,4,114417,114417,1
159,0,114418,114427,10
160,4,114428,114428,1
161,0,114429,114438,10
162,4,114439,114439,1
163,0,114440,114445,6
164,4,114446,114446,1
165,0,114447,114458,12
166,4,114459,114459,1
167,0,114460,114471,12
168,4,114472,114472,1
169,0,114473,114480,8
170,4,114481,114481,1
171,0,114482,114482,1
172,4,114483,114485,3
173,0,114486,114489,4
174,4,114490,114490,1
175,0,114491,114497,7
176,4,114498,114498,1
177,0,114499,114499,1
178,4,114500,114500,1
179,0,114501,114502,2
180,4,114503,114504,2
181,0,114505,114522,18
182,4,114523,114524,2
183,0,114525,114525,1
184,4,114526,114528,3
185,0,114529,114529,1
186,4,114530,114530,1
187,0,114531,114533,3
188,4,114534,114535,2
189,0,114536,114536,1
190,4,114537,114537,1
191,0,114538,114538,1
192,4,114539,114539,1
193,0,114540,114541,2
194,4,114542,114548,7
195,0,114549,114550,2
196,4,114551,114556,6
197,0,114557,114557,1
198,4,114558,114563,6
199,0,114564,114566,3
200,4,114567,114578,12
201,0,114579,114579,1
202,4,114580,114583,4
203,0,114584,114584,1
204,4,114585,114585,1
205,0,114586,114589,4
206,4,114590,114590,1
207,0,114591,114591,1
208,4,114592,114600,9
209,0,114601,114601,1
210,4,114602,114604,3
211,0,114605,114605,1
212,4,114606,114611,6
213,0,114612,114612,1
214,4,114613,114614,2
215,0,114615,114615,1
216,4,114616,114618,3
217,0,114619,114620,2
218,4,114621,114634,14
219,0,114635,114635,1
220,4,114636,114640,5
221,0,114641,114641,1
222,4,114642,114668,27
223,0,114669,114669,1
224,4,114670,114673,4
225,0,114674,114674,1
226,4,114675,114677,3
227,0,114678,114678,1
228,4,114679,114686,8
229,0,114687,114687,1
230,4,114688,114689,2
231,0,114690,114690,1
232,4,114691,114695,5
233,0,114696,114696,1
234,4,114697,114700,4
235,0,114701,114701,1
236,4,114702,114777,76
237,0,114778,114778,1
238,4,114779,120767,5989
239,0,120768,120799,32
240,4,120800,120817,18
241,0,120818,123516,2699
242,4,123517,124753,1237
243,0,124754,132731,7978
244,4,132732,132732,1
245,0,132733,133161,429
246,4,133162,133162,1
247,0,133163,134602,1440
248,4,134603,134603,1
249,0,134604,134606,3
250,4,134607,134607,1
251,0,134608,134608,1
252,4,134609,134609,1
253,0,134610,134610,1
254,4,134611,134621,11
255,0,134622,134622,1
256,4,134623,136087,1465
257,0,136088,138988,2901
258,4,138989,138990,2
259,0,138991,138991,1
260,4,138992,138993,2
261,0,138994,138994,1
262,4,138995,138996,2
263,0,138997,138997,1
264,4,138998,141841,2844
265,0,141842,141842,1
266,4,141843,144850,3008
267,0,144851,144851,1
268,4,144852,145219,368
269,0,145220,145220,1
270,4,145221,145260,40
271,0,145261,145261,1
272,4,145262,145273,12
273,0,145274,145274,1
274,4,145275,145291,17
275,0,145292,145292,1
276,4,145293,145295,3
277,0,145296,145296,1
278,4,145297,145299,3
279,0,145300,145300,1
280,4,145301,145322,22
281,0,145323,145323,1
282,4,145324,145342,19
283,0,145343,145343,1
284,4,145344,145350,7
285,0,145351,145351,1
286,4,145352,145353,2
287,0,145354,145355,2
288,4,145356,145358,3
289,0,145359,145359,1
290,4,145360,145375,16
291,0,145376,202094,56719
292,4,202095,202095,1
293,0,202096,203378,1283
294,4,203379,203462,84
295,0,203463,203489,27
296,4,203490,203490,1
297,0,203491,203492,2
298,4,203493,203493,1
299,0,203494,203494,1
300,4,203495,203496,2
301,0,203497,203499,3
302,4,203500,203500,1
303,0,203501,203502,2
304,4,203503,203503,1
305,0,203504,203506,3
306,4,203507,203511,5
307,0,203512,203512,1
308,4,203513,203515,3
309,0,203516,203517,2
310,4,203518,203518,1
311,0,203519,203520,2
312,4,203521,203524,4
313,0,203525,203525,1
314,4,203526,203527,2
315,0,203528,203529,2
316,4,203530,203530,1
317,0,203531,203532,2
318,4,203533,203533,1
319,0,203534,203534,1
320,4,203535,203535,1
321,0,203536,203537,2
322,4,203538,203538,1
323,0,203539,203550,12
324,4,203551,203551,1
325,0,203552,203603,52
326,4,203604,203604,1
327,0,203605,203617,13
328,4,203618,203618,1
329,0,203619,203623,5
330,4,203624,203625,2
331,0,203626,203627,2
332,4,203628,203628,1
333,0,203629,203630,2
334,4,203631,203638,8
335,0,203639,203639,1
336,4,203640,203643,4
337,0,203644,203644,1
338,4,203645,203657,13
339,0,203658,203658,1
340,4,203659,203660,2
341,0,203661,203661,1
342,4,203662,203662,1
343,0,203663,203663,1
344,4,203664,203664,1
345,0,203665,203665,1
346,4,203666,203676,11
347,0,203677,203677,1
348,4,203678,203678,1
349,0,203679,203687,9
350,4,203688,203688,1
351,0,203689,203977,289
352,4,203978,203978,1
353,0,203979,203982,4
354,4,203983,203983,1
355,0,203984,203988,5
356,4,203989,203999,11
357,0,204000,204001,2
358,4,204002,204038,37
359,0,204039,204047,9
360,4,204048,204048,1
361,0,204049,204089,41
362,4,204090,204090,1
363,0,204091,204091,1
364,4,204092,204093,2
365,0,204094,204099,6
366,4,204100,204100,1
367,0,204101,204102,2
368,4,204103,204103,1
369,0,204104,204104,1
370,4,204105,204105,1
371,0,204106,204106,1
372,4,204107,204107,1
373,0,204108,204111,4
374,4,204112,204112,1
375,0,204113,204125,13
376,4,204126,204126,1
377,0,204127,204184,58
378,4,204185,204185,1
379,0,204186,204197,12
380,4,204198,204198,1
381,0,204199,204216,18
382,4,204217,204217,1
383,0,204218,204221,4
384,4,204222,204223,2
385,0,204224,204225,2
386,4,204226,204226,1
387,0,204227,204244,18
388,4,204245,204245,1
389,0,204246,204291,46
390,4,204292,204292,1
391,0,204293,204300,8
392,4,204301,204301,1
393,0,204302,204307,6
394,4,204308,204308,1
395,0,204309,204324,16
396,4,204325,204325,1
397,0,204326,204326,1
398,4,204327,204327,1
399,0,204328,204330,3
400,4,204331,204332,2
401,0,204333,204335,3
402,4,204336,204337,2
403,0,204338,204338,1
404,4,204339,204342,4
405,0,204343,204343,1
406,4,204344,204344,1
407,0,204345,204345,1
408,4,204346,204347,2
409,0,204348,204348,1
410,4,204349,204358,10
411,0,204359,204361,3
412,4,204362,204362,1
413,0,204363,204363,1
414,4,204364,204364,1
415,0,204365,204365,1
416,4,204366,204366,1
417,0,204367,204367,1
418,4,204368,204374,7
419,0,204375,204375,1
420,4,204376,204541,166
421,0,204542,204542,1
422,4,204543,204579,37
423,0,204580,204581,2
424,4,204582,204659,78
425,0,204660,204660,1
426,4,204661,204663,3
427,0,204664,204666,3
428,4,204667,204671,5
429,0,204672,204673,2
430,4,204674,204769,96
431,0,204770,204774,5
432,4,204775,206171,1397
433,0,206172,206172,1
434,4,206173,206185,13
435,0,206186,206186,1
436,4,206187,206191,5
437,0,206192,206192,1
438,4,206193,206197,5
439,0,206198,206199,2
440,4,206200,206373,174
441,0,206374,206376,3
442,4,206377,206379,3
443,0,206380,206381,2
444,4,206382,206412,31
445,0,206413,206413,1
446,4,206414,206417,4
447,0,206418,206425,8
448,4,206426,206426,1
449,0,206427,206429,3
450,4,206430,206540,111
451,0,206541,206541,1
452,4,206542,206619,78
453,0,206620,206635,16
454,4,206636,206636,1
455,0,206637,206637,1
456,4,206638,208237,1600
457,0,208238,208239,2
458,4,208240,208240,1
459,0,208241,208243,3
460,4,208244,208244,1
461,0,208245,208248,4
462,4,208249,208249,1
463,0,208250,208256,7
464,4,208257,208257,1
465,0,208258,209820,1563
466,4,209821,209821,1
467,0,209822,209822,1
468,4,209823,211072,1250
469,0,211073,213003,1931
470,4,213004,213004,1
471,0,213005,221029,8025
472,4,221030,221030,1
473,0,221031,221034,4
474,4,221035,221331,297
475,0,221332,221332,1
476,4,221333,221641,309
477,0,221642,225387,3746
478,4,225388,225388,1
479,0,225389,225393,5
480,4,225394,225418,25
481,0,225419,225419,1
482,4,225420,231974,6555
483,0,231975,231975,1
484,4,231976,231977,2
485,0,231978,231978,1
486,4,231979,231981,3
487,0,231982,231982,1
488,4,231983,231983,1
489,0,231984,231985,2
490,4,231986,231986,1
491,0,231987,231993,7
492,4,231994,231994,1
493,0,231995,232004,10
494,4,232005,232005,1
495,0,232006,232015,10
496,4,232016,232016,1
497,0,232017,232029,13
498,4,232030,232030,1
499,0,232031,286848,54818
500,4,286849,286849,1
501,0,286850,286879,30
502,4,286880,286880,1
503,0,286881,286914,34
504,4,286915,286915,1
505,0,286916,286919,4
506,4,286920,286920,1
507,0,286921,286941,21
508,4,286942,286942,1
509,0,286943,286945,3
510,4,286946,286946,1
511,0,286947,286963,17
512,4,286964,286964,1
513,0,286965,286970,6
514,4,286971,286971,1
515,0,286972,286985,14
516,4,286986,286986,1
517,0,286987,286988,2
518,4,286989,286989,1
519,0,286990,286992,3
520,4,286993,286993,1
521,0,286994,287002,9
522,4,287003,287003,1
523,0,287004,287005,2
524,4,287006,287007,2
525,0,287008,287009,2
526,4,287010,287010,1
527,0,287011,287012,2
528,4,287013,287013,1
529,0,287014,287019,6
530,4,287020,287022,3
531,0,287023,287025,3
532,4,287026,287026,1
533,0,287027,287032,6
534,4,287033,287033,1
535,0,287034,287036,3
536,4,287037,287044,8
537,0,287045,287045,1
538,4,287046,287046,1
539,0,287047,287056,10
540,4,287057,287059,3
541,0,287060,287061,2
542,4,287062,287063,2
543,0,287064,287065,2
544,4,287066,287068,3
545,0,287069,287070,2
546,4,287071,287071,1
547,0,287072,287074,3
548,4,287075,287076,2
549,0,287077,287078,2
550,4,287079,287079,1
551,0,287080,287081,2
552,4,287082,287084,3
553,0,287085,287090,6
554,4,287091,287091,1
555,0,287092,287094,3
556,4,287095,287098,4
557,0,287099,287101,3
558,4,287102,287102,1
559,0,287103,287103,1
560,4,287104,287116,13
561,0,287117,287119,3
562,4,287120,287150,31
563,0,287151,287151,1
564,4,287152,287153,2
565,0,287154,287154,1
566,4,287155,287159,5
567,0,287160,287160,1
568,4,287161,287161,1
569,0,287162,287162,1
570,4,287163,287163,1
571,0,287164,287164,1
572,4,287165,287179,15
573,0,287180,287180,1
574,4,287181,292115,4935
575,0,292116,292116,1
576,4,292117,292120,4
577,0,292121,292121,1
578,4,292122,292122,1
579,0,292123,292125,3
580,4,292126,292126,1
581,0,292127,292726,600
582,4,292727,294119,1393
583,0,294120,294221,102
584,4,294222,294247,26
585,0,294248,294248,1
586,4,294249,294262,14
587,0,294263,294263,1
588,4,294264,294264,1
589,0,294265,294265,1
590,4,294266,294272,7
591,0,294273,294273,1
592,4,294274,294275,2
593,0,294276,294276,1
594,4,294277,294281,5
595,0,294282,294282,1
596,4,294283,294283,1
597,0,294284,294284,1
598,4,294285,294297,13
599,0,294298,294298,1
600,4,294299,294300,2
601,0,294301,294302,2
602,4,294303,294303,1
603,0,294304,294305,2
604,4,294306,294307,2
605,0,294308,294309,2
606,4,294310,294310,1
607,0,294311,294311,1
608,4,294312,294312,1
609,0,294313,294315,3
610,4,294316,294319,4
611,0,294320,294320,1
612,4,294321,294321,1
613,0,294322,294322,1
614,4,294323,294324,2
615,0,294325,294330,6
616,4,294331,294331,1
617,0,294332,294334,3
618,4,294335,294341,7
619,0,294342,294342,1
620,4,294343,294344,2
621,0,294345,294345,1
622,4,294346,294346,1
623,0,294347,294351,5
624,4,294352,294352,1
625,0,294353,294354,2
626,4,294355,294355,1
627,0,294356,294359,4
628,4,294360,294361,2
629,0,294362,294366,5
630,4,294367,294367,1
631,0,294368,294369,2
632,4,294370,294370,1
633,0,294371,294374,4
634,4,294375,294375,1
635,0,294376,294380,5
636,4,294381,294381,1
637,0,294382,294382,1
638,4,294383,294386,4
639,0,294387,294389,3
640,4,294390,294390,1
641,0,294391,294396,6
642,4,294397,294398,2
643,0,294399,294402,4
644,4,294403,294403,1
645,0,294404,294405,2
646,4,294406,294406,1
647,0,294407,294411,5
648,4,294412,294412,1
649,0,294413,294429,17
650,4,294430,294430,1
651,0,294431,294443,13
652,4,294444,294444,1
653,0,294445,294459,15
654,4,294460,294460,1
655,0,294461,294474,14
656,4,294475,294476,2
657,0,294477,294496,20
658,4,294497,294497,1
659,0,294498,294597,100
660,4,294598,294598,1
661,0,294599,294601,3
662,4,294602,294602,1
663,0,294603,296004,1402
664,4,296005,297235,1231
665,0,297236,307430,10195
666,4,307431,307431,1
667,0,307432,307432,1
668,4,307433,307433,1
669,0,307434,307434,1
670,4,307435,307435,1
671,0,307436,307436,1
672,4,307437,307440,4
673,0,307441,307441,1
674,4,307442,309081,1640
675,0,309082,311805,2724
676,4,311806,311808,3
677,0,311809,311811,3
678,4,311812,317564,5753
679,0,317565,317596,32
680,4,317597,317630,34
681,0,317631,317659,29
682,4,317660,318024,365
683,0,318025,318025,1
684,4,318026,318027,2
685,0,318028,318028,1
686,4,318029,318035,7
687,0,318036,318036,1
688,4,318037,318037,1
689,0,318038,318040,3
690,4,318041,318043,3
691,0,318044,318044,1
692,4,318045,318052,8
693,0,318053,318053,1
694,4,318054,318054,1
695,0,318055,318055,1
696,4,318056,318057,2
697,0,318058,318058,1
698,4,318059,318066,8
699,0,318067,318067,1
700,4,318068,318069,2
701,0,318070,318070,1
702,4,318071,318071,1
703,0,318072,318072,1
704,4,318073,318077,5
705,0,318078,318079,2
706,4,318080,318083,4
707,0,318084,318085,2
708,4,318086,318087,2
709,0,318088,318089,2
710,4,318090,318091,2
711,0,318092,318099,8
712,4,318100,318100,1
713,0,318101,318104,4
714,4,318105,318105,1
715,0,318106,372746,54641
716,4,372747,372747,1
717,0,372748,372755,8
718,4,372756,372757,2
719,0,372758,372760,3
720,4,372761,372761,1
721,0,372762,372763,2
722,4,372764,372764,1
723,0,372765,372779,15
724,4,372780,372781,2
725,0,372782,372782,1
726,4,372783,372790,8
727,0,372791,372793,3
728,4,372794,372799,6
729,0,372800,372800,1
730,4,372801,372860,60
731,0,372861,372863,3
732,4,372864,372864,1
733,0,372865,372869,5
734,4,372870,372870,1
735,0,372871,372890,20
736,4,372891,372891,1
737,0,372892,372901,10
738,4,372902,372902,1
739,0,372903,372904,2
740,4,372905,372905,1
741,0,372906,372917,12
742,4,372918,372993,76
743,0,372994,372998,5
744,4,372999,372999,1
745,0,373000,373044,45
746,4,373045,373045,1
747,0,373046,373046,1
748,4,373047,376969,3923
749,0,376970,376970,1
750,4,376971,376971,1
751,0,376972,376972,1
752,4,376973,376973,1
753,0,376974,376974,1
754,4,376975,376975,1
755,0,376976,376976,1
756,4,376977,376978,2
757,0,376979,376979,1
758,4,376980,376980,1
759,0,376981,376983,3
760,4,376984,376984,1
761,0,376985,377010,26
762,4,377011,377011,1
763,0,377012,377012,1
764,4,377013,377013,1
765,0,377014,377014,1
766,4,377015,377015,1
767,0,377016,377018,3
768,4,377019,377019,1
769,0,377020,377021,2
770,4,377022,377022,1
771,0,377023,377031,9
772,4,377032,377032,1
773,0,377033,377038,6
774,4,377039,377039,1
775,0,377040,377051,12
776,4,377052,377052,1
777,0,377053,377058,6
778,4,377059,377059,1
779,0,377060,377062,3
780,4,377063,377063,1
781,0,377064,377078,15
782,4,377079,377079,1
783,0,377080,377084,5
784,4,377085,377085,1
785,0,377086,377114,29
786,4,377115,377119,5
787,0,377120,379482,2363
788,4,379483,379483,1
789,0,379484,380132,649
790,4,380133,380133,1
791,0,380134,381521,1388
792,4,381522,381522,1
793,0,381523,382172,650
794,4,382173,382173,1
795,0,382174,382174,1
796,4,382175,382699,525
797,0,382700,389046,6347
798,4,389047,389047,1
799,0,389048,393989,4942
800,4,393990,393990,1
801,0,393991,393991,1
802,4,393992,393992,1
803,0,393993,393995,3
804,4,393996,393998,3
805,0,393999,393999,1
806,4,394000,395803,1804
807,0,395804,398292,2489
808,4,398293,398293,1
809,0,398294,398296,3
810,4,398297,398300,4
811,0,398301,398301,1
812,4,398302,400726,2425
813,0,400727,400727,1
814,4,400728,404482,3755
815,0,404483,404483,1
816,4,404484,404496,13
817,0,404497,404498,2
818,4,404499,404499,1
819,0,404500,404504,5
820,4,404505,404505,1
821,0,404506,459560,55055
822,4,459561,459561,1
823,0,459562,459573,12
824,4,459574,459574,1
825,0,459575,459588,14
826,4,459589,459589,1
827,0,459590,459591,2
828,4,459592,459593,2
829,0,459594,459594,1
830,4,459595,459598,4
831,0,459599,459599,1
832,4,459600,459612,13
833,0,459613,459614,2
834,4,459615,459622,8
835,0,459623,459623,1
836,4,459624,460117,494
837,0,460118,460118,1
838,4,460119,462899,2781
839,0,462900,462900,1
840,4,462901,462901,1
841,0,462902,462906,5
842,4,462907,462907,1
843,0,462908,464462,1555
844,4,464463,464463,1
845,0,464464,466436,1973
846,4,466437,466438,2
847,0,466439,466959,521
848,4,466960,466960,1
849,0,466961,479363,12403
850,4,479364,479365,2
851,0,479366,480460,1095
852,4,480461,480461,1
853,0,480462,480473,12
854,4,480474,480474,1
855,0,480475,480476,2
856,4,480477,480477,1
857,0,480478,480479,2
858,4,480480,480480,1
859,0,480481,480481,1
860,4,480482,480482,1
861,0,480483,480484,2
862,4,480485,482218,1734
863,0,482219,484173,1955
864,4,484174,484174,1
865,0,484175,484208,34
866,4,484209,484209,1
867,0,484210,484739,530
868,4,484740,484740,1
869,0,484741,484741,1
870,4,484742,484743,2
871,0,484744,484744,1
872,4,484745,490469,5725
873,0,490470,490470,1
874,4,490471,490472,2
875,0,490473,490473,1
876,4,490474,490474,1
877,0,490475,490475,1
878,4,490476,490476,1
879,0,490477,490478,2
880,4,490479,490479,1
881,0,490480,490482,3
882,4,490483,490483,1
883,0,490484,490495,12
884,4,490496,490496,1
885,0,490497,490498,2
886,4,490499,490499,1
887,0,490500,490500,1
888,4,490501,490504,4
889,0,490505,490505,1
890,4,490506,490510,5
891,0,490511,490511,1
892,4,490512,490522,11
893,0,490523,490523,1
894,4,490524,490542,19
895,0,490543,490543,1
896,4,490544,490554,11
897,0,490555,490555,1
898,4,490556,490556,1
899,0,490557,490557,1
900,4,490558,490559,2
901,0,490560,490560,1
902,4,490561,490562,2
903,0,490563,490563,1
904,4,490564,490576,13
905,0,490577,490577,1
906,4,490578,490606,29
907,0,490607,490607,1
908,4,490608,490611,4
909,0,490612,490612,1
910,4,490613,490631,19
911,0,490632,490639,8
912,4,490640,490640,1
913,0,490641,490764,124
914,4,490765,490765,1
915,0,490766,490807,42
916,4,490808,490808,1
917,0,490809,490810,2
918,4,490811,490811,1
919,0,490812,490812,1
920,4,490813,490814,2
921,0,490815,490825,11
922,4,490826,490827,2
923,0,490828,490835,8
924,4,490836,490836,1
925,0,490837,490843,7
926,4,490844,490844,1
927,0,490845,490853,9
928,4,490854,490855,2
929,0,490856,542789,51934
930,4,542790,545978,3189
931,0,545979,547422,1444
932,4,547423,547423,1
933,0,547424,547702,279
934,4,547703,547703,1
935,0,547704,547704,1
936,4,547705,547705,1
937,0,547706,547706,1
938,4,547707,547709,3
939,0,547710,547711,2
940,4,547712,547712,1
941,0,547713,547713,1
942,4,547714,547723,10
943,0,547724,547724,1
944,4,547725,549291,1567
945,0,549292,549292,1
946,4,549293,549296,4
947,0,549297,549297,1
948,4,549298,549298,1
949,0,549299,549299,1
950,4,549300,549304,5
951,0,549305,549305,1
952,4,549306,549308,3
953,0,549309,549311,3
954,4,549312,549312,1
955,0,549313,549313,1
956,4,549314,549314,1
957,0,549315,549317,3
958,4,549318,549319,2
959,0,549320,549322,3
960,4,549323,549323,1
961,0,549324,549331,8
962,4,549332,549332,1
963,0,549333,549368,36
964,4,549369,549369,1
965,0,549370,549794,425
966,4,549795,549795,1
967,0,549796,554422,4627
968,4,554423,554423,1
969,0,554424,557100,2677
970,4,557101,557101,1
971,0,557102,566297,9196
972,4,566298,566298,1
973,0,566299,566300,2
974,4,566301,566301,1
975,0,566302,566304,3
976,4,566305,568413,2109
977,0,568414,569743,1330
978,4,569744,569744,1
979,0,569745,570418,674
980,4,570419,570419,1
981,0,570420,570422,3
982,4,570423,570423,1
983,0,570424,570426,3
984,4,570427,576809,6383
985,0,576810,576810,1
986,4,576811,576992,182
987,0,576993,576993,1
988,4,576994,577001,8
989,0,577002,577002,1
990,4,577003,577004,2
991,0,577005,577005,1
992,4,577006,577013,8
993,0,577014,577014,1
994,4,577015,577021,7
995,0,577022,577022,1
996,4,577023,577023,1
997,0,577024,577025,2
998,4,577026,577030,5
999,0,577031,577031,1
1000,4,577032,577032,1
1001,0,577033,577035,3
1002,4,577036,577036,1
1003,0,577037,577039,3
1004,4,577040,577040,1
1005,0,577041,577041,1
1006,4,577042,577043,2
1007,0,577044,577046,3
1008,4,577047,577047,1
1009,0,577048,577049,2
1010,4,577050,577050,1
1011,0,577051,577051,1
1012,4,577052,577052,1
1013,0,577053,577057,5
1014,4,577058,577064,7
1015,0,577065,577067,3
1016,4,577068,577068,1
1017,0,577069,577069,1
1018,4,577070,577073,4
1019,0,577074,577075,2
1020,4,577076,577082,7
1021,0,577083,577084,2
1022,4,577085,577085,1
1023,0,577086,577089,4
1024,4,577090,577091,2
1025,0,577092,577092,1
1026,4,577093,577097,5
1027,0,577098,577098,1
1028,4,577099,577103,5
1029,0,577104,577105,2
1030,4,577106,577106,1
1031,0,577107,577107,1
1032,4,577108,577110,3
1033,0,577111,577111,1
1034,4,577112,577120,9
1035,0,577121,577123,3
1036,4,577124,577124,1
1037,0,577125,577125,1
1038,4,577126,577129,4
1039,0,577130,577130,1
1040,4,577131,577134,4
1041,0,577135,577138,4
1042,4,577139,577139,1
1043,0,577140,577163,24
1044,4,577164,577164,1
1045,0,577165,577181,17
1046,4,577182,577182,1
1047,0,577183,577188,6
1048,4,577189,577189,1
1049,0,577190,577245,56
1050,4,577246,577246,1
1051,0,577247,577252,6
1052,4,577253,577253,1
1053,0,577254,577257,4
1054,4,577258,577258,1
1055,0,577259,577275,17
1056,4,577276,577276,1
1057,0,577277,577280,4
1058,4,577281,577282,2
1059,0,577283,577286,4
1060,4,577287,577288,2
1061,0,577289,577289,1
1062,4,577290,577290,1
1063,0,577291,577295,5
1064,4,577296,577296,1
1065,0,577297,577298,2
1066,4,577299,577299,1
1067,0,577300,577310,11
1068,4,577311,577311,1
1069,0,577312,577312,1
1070,4,577313,577313,1
1071,0,577314,577320,7
1072,4,577321,577321,1
1073,0,577322,577360,39
1074,4,577361,577361,1
1075,0,577362,629082,51721
1076,4,629083,629084,2
1077,0,629085,629086,2
1078,4,629087,631592,2506
1079,0,631593,631593,1
1080,4,631594,631653,60
1081,0,631654,631654,1
1082,4,631655,631755,101
1083,0,631756,631756,1
1084,4,631757,631936,180
1085,0,631937,631937,1
1086,4,631938,632324,387
1087,0,632325,634185,1861
1088,4,634186,634186,1
1089,0,634187,634192,6
1090,4,634193,634193,1
1091,0,634194,634196,3
1092,4,634197,634197,1
1093,0,634198,634198,1
1094,4,634199,634199,1
1095,0,634200,634200,1
1096,4,634201,635687,1487
1097,0,635688,635688,1
1098,4,635689,635694,6
1099,0,635695,635695,1
1100,4,635696,635696,1
1101,0,635697,635700,4
1102,4,635701,635701,1
1103,0,635702,635703,2
1104,4,635704,635706,3
1105,0,635707,635712,6
1106,4,635713,635713,1
1107,0,635714,635725,12
1108,4,635726,635726,1
1109,0,635727,652641,16915
1110,4,652642,652642,1
1111,0,652643,652643,1
1112,4,652644,652644,1
1113,0,652645,652645,1
1114,4,652646,652646,1
1115,0,652647,652647,1
1116,4,652648,652648,1
1117,0,652649,652649,1
1118,4,652650,652651,2
1119,0,652652,652652,1
1120,4,652653,652655,3
1121,0,652656,652656,1
1122,4,652657,652663,7
1123,0,652664,652664,1
1124,4,652665,652717,53
1125,0,652718,652718,1
1126,4,652719,655203,2485
1127,0,655204,656767,1564
1128,4,656768,656768,1
1129,0,656769,656771,3
1130,4,656772,656772,1
1131,0,656773,656775,3
1132,4,656776,656776,1
1133,0,656777,656780,4
1134,4,656781,656784,4
1135,0,656785,656785,1
1136,4,656786,658371,1586
1137,0,658372,658373,2
1138,4,658374,659410,1037
1139,0,659411,659411,1
1140,4,659412,660563,1152
1141,0,660564,660564,1
1142,4,660565,660566,2
1143,0,660567,660567,1
1144,4,660568,660568,1
1145,0,660569,660569,1
1146,4,660570,660572,3
1147,0,660573,660573,1
1148,4,660574,660575,2
1149,0,660576,660576,1
1150,4,660577,660580,4
1151,0,660581,660583,3
1152,4,660584,660584,1
1153,0,660585,660587,3
1154,4,660588,660589,2
1155,0,660590,660599,10
1156,4,660600,660601,2
1157,0,660602,660687,86
1158,4,660688,660688,1
1159,0,660689,660701,13
1160,4,660702,660702,1
1161,0,660703,660710,8
1162,4,660711,660785,75
1163,0,660786,661108,323
1164,4,661109,661199,91
1165,0,661200,661200,1
1166,4,661201,661201,1
1167,0,661202,661217,16
1168,4,661218,661218,1
1169,0,661219,661220,2
1170,4,661221,661221,1
1171,0,661222,661223,2
1172,4,661224,661224,1
1173,0,661225,661239,15
1174,4,661240,661240,1
1175,0,661241,661297,57
1176,4,661298,661301,4
1177,0,661302,661302,1
1178,4,661303,661336,34
1179,0,661337,661347,11
1180,4,661348,661348,1
1181,0,661349,661349,1
1182,4,661350,661380,31
1183,0,661381,661381,1
1184,4,661382,661382,1
1185,0,661383,661383,1
1186,4,661384,661396,13
1187,0,661397,661586,190
1188,4,661587,661657,71
1189,0,661658,661658,1
1190,4,661659,661659,1
1191,0,661660,661666,7
1192,4,661667,661696,30
1193,0,661697,661714,18
1194,4,661715,661798,84
1195,0,661799,661821,23
1196,4,661822,661834,13
1197,0,661835,662755,921
1198,4,662756,662757,2
1199,0,662758,662769,12
1200,4,662770,662772,3
1201,0,662773,662773,1
1202,4,662774,662803,30
1203,0,662804,718194,55391
1204,4,718195,718195,1
1205,0,718196,718203,8
1206,4,718204,718204,1
1207,0,718205,719664,1460
1208,4,719665,719667,3
1209,0,719668,719669,2
1210,4,719670,720297,628
1211,0,720298,720315,18
1212,4,720316,720554,239
1213,0,720555,720574,20
1214,4,720575,720575,1
1215,0,720576,720583,8
1216,4,720584,720587,4
1217,0,720588,720857,270
1218,4,720858,720858,1
1219,0,720859,720868,10
1220,4,720869,720869,1
1221,0,720870,720885,16
1222,4,720886,720886,1
1223,0,720887,720894,8
1224,4,720895,720914,20
1225,0,720915,720921,7
1226,4,720922,720924,3
1227,0,720925,720925,1
1228,4,720926,720927,2
1229,0,720928,720931,4
1230,4,720932,720979,48
1231,0,720980,720983,4
1232,4,720984,720985,2
1233,0,720986,720989,4
1234,4,720990,721101,112
1235,0,721102,721109,8
1236,4,721110,722516,1407
1237,0,722517,722517,1
1238,4,722518,722675,158
1239,0,722676,722679,4
1240,4,722680,722688,9
1241,0,722689,722692,4
1242,4,722693,722715,23
1243,0,722716,722725,10
1244,4,722726,722867,142
1245,0,722868,722873,6
1246,4,722874,722875,2
1247,0,722876,722876,1
1248,4,722877,722889,13
1249,0,722890,722923,34
1250,4,722924,722931,8
1251,0,722932,722940,9
1252,4,722941,722960,20
1253,0,722961,722961,1
1254,4,722962,722994,33
1255,0,722995,723000,6
1256,4,723001,723014,14
1257,0,723015,723018,4
1258,4,723019,723028,10
1259,0,723029,723032,4
1260,4,723033,723046,14
1261,0,723047,723050,4
1262,4,723051,723057,7
1263,0,723058,723060,3
1264,4,723061,723099,39
1265,0,723100,723108,9
1266,4,723109,723124,16
1267,0,723125,723148,24
1268,4,723149,723483,335
1269,0,723484,725932,2449
1270,3,725933,725934,2
1271,4,725935,725944,10
1272,2,725945,727723,1779
1273,3,727724,727725,2
1274,4,727726,727733,8
1275,0,727734,737021,9288
1276,4,737022,737022,1
1277,0,737023,739982,2960
1278,4,739983,739983,1
1279,0,739984,739984,1
1280,4,739985,739985,1
1281,0,739986,739987,2
1282,4,739988,741804,1817
1283,0,741805,744026,2222
1284,4,744027,744027,1
1285,0,744028,744031,4
1286,4,744032,744032,1
1287,0,744033,744034,2
1288,4,744035,744299,265
1289,0,744300,744300,1
1290,4,744301,744304,4
1291,0,744305,744306,2
1292,4,744307,744484,178
1293,0,744485,744485,1
1294,4,744486,744564,79
1295,0,744565,744567,3
1296,4,744568,749257,4690
1297,0,749258,749258,1
1298,4,749259,749259,1
1299,0,749260,749260,1
1300,4,749261,749261,1
1301,0,749262,749264,3
1302,4,749265,749268,4
1303,0,749269,749271,3
1304,4,749272,749272,1
1305,0,749273,749274,2
1306,4,749275,749275,1
1307,0,749276,749799,524
1308,4,749800,749802,3
1309,0,749803,801250,51448
1310,4,801251,801583,333
1311,0,801584,801584,1
1312,4,801585,801585,1
1313,0,801586,801719,134
1314,4,801720,801738,19
1315,0,801739,801739,1
1316,4,801740,801743,4
1317,0,801744,801746,3
1318,4,801747,801747,1
1319,0,801748,801761,14
1320,4,801762,801762,1
1321,0,801763,801763,1
1322,4,801764,801764,1
1323,0,801765,801766,2
1324,4,801767,801796,30
1325,0,801797,801797,1
1326,4,801798,801804,7
1327,0,801805,801805,1
1328,4,801806,801824,19
1329,0,801825,801825,1
1330,4,801826,801826,1
1331,0,801827,801966,140
1332,4,801967,804206,2240
1333,0,804207,804207,1
1334,4,804208,804228,21
1335,0,804229,804229,1
1336,4,804230,804232,3
1337,0,804233,804233,1
1338,4,804234,804237,4
1339,0,804238,804238,1
1340,4,804239,804241,3
1341,0,804242,804242,1
1342,4,804243,804243,1
1343,0,804244,804244,1
1344,4,804245,804245,1
1345,0,804246,804248,3
1346,4,804249,804249,1
1347,0,804250,804251,2
1348,4,804252,804252,1
1349,0,804253,804253,1
1350,4,804254,804254,1
1351,0,804255,804255,1
1352,4,804256,804257,2
1353,0,804258,804258,1
1354,4,804259,804259,1
1355,0,804260,804261,2
1356,4,804262,804262,1
1357,0,804263,804266,4
1358,4,804267,804269,3
1359,0,804270,804271,2
1360,4,804272,804272,1
1361,0,804273,804299,27
1362,4,804300,804300,1
1363,0,804301,804326,26
1364,4,804327,804327,1
1365,0,804328,804333,6
1366,4,804334,804334,1
1367,0,804335,804338,4
1368,4,804339,804339,1
1369,0,804340,804348,9
1370,4,804349,804349,1
1371,0,804350,804351,2
1372,4,804352,804353,2
1373,0,804354,804355,2
1374,4,804356,804356,1
1375,0,804357,804357,1
1376,4,804358,804359,2
1377,0,804360,804360,1
1378,4,804361,804361,1
1379,0,804362,804363,2
1380,4,804364,804364,1
1381,0,804365,804365,1
1382,4,804366,804366,1
1383,0,804367,804367,1
1384,4,804368,804369,2
1385,0,804370,804370,1
1386,4,804371,805954,1584
1387,0,805955,807178,1224
1388,4,807179,807180,2
1389,0,807181,807181,1
1390,4,807182,808717,1536
1391,0,808718,808718,1
1392,4,808719,808741,23
1393,0,808742,808742,1
1394,4,808743,808793,51
1395,0,808794,808795,2
1396,4,808796,808809,14
1397,0,808810,808810,1
1398,4,808811,808902,92
1399,0,808903,808903,1
1400,4,808904,808904,1
1401,0,808905,808905,1
1402,4,808906,809044,139
1403,0,809045,809045,1
1404,4,809046,809056,11
1405,0,809057,809057,1
1406,4,809058,809065,8
1407,0,809066,809066,1
1408,4,809067,809104,38
1409,0,809105,809105,1
1410,4,809106,809134,29
1411,0,809135,809135,1
1412,4,809136,809168,33
1413,0,809169,809170,2
1414,4,809171,809236,66
1415,0,809237,809237,1
1416,4,809238,809243,6
1417,0,809244,809244,1
1418,4,809245,809245,1
1419,0,809246,809246,1
1420,4,809247,809261,15
1421,0,809262,809262,1
1422,4,809263,809271,9
1423,0,809272,809274,3
1424,4,809275,809286,12
1425,0,809287,809287,1
1426,4,809288,809289,2
1427,0,809290,815648,6359
1428,3,815649,815649,1
1429,4,815650,815664,15
1430,2,815665,818359,2695
1431,0,818360,821595,3236
1432,4,821596,821596,1
1433,0,821597,825859,4263
1434,4,825860,825865,6
1435,0,825866,825866,1
1436,4,825867,827874,2008
1437,0,827875,829954,2080
1438,4,829955,829955,1
1439,0,829956,829961,6
1440,4,829962,835293,5332
1441,0,835294,835294,1
1442,4,835295,835300,6
1443,0,835301,835301,1
1444,4,835302,835302,1
1445,0,835303,835303,1
1446,4,835304,835304,1
1447,0,835305,835307,3
1448,4,835308,835310,3
1449,0,835311,837189,1879
1450,4,837190,837190,1
1451,0,837191,837191,1
1452,4,837192,837243,52
1453,0,837244,888067,50824
1454,4,888068,889235,1168
1455,0,889236,889236,1
1456,4,889237,889242,6
1457,0,889243,889244,2
1458,4,889245,889247,3
1459,0,889248,889248,1
1460,4,889249,889249,1
1461,0,889250,889250,1
1462,4,889251,889251,1
1463,0,889252,889252,1
1464,4,889253,889253,1
1465,0,889254,889254,1
1466,4,889255,889255,1
1467,0,889256,889257,2
1468,4,889258,889260,3
1469,0,889261,889261,1
1470,4,889262,889262,1
1471,0,889263,889263,1
1472,4,889264,889268,5
1473,0,889269,889270,2
1474,4,889271,889271,1
1475,0,889272,889274,3
1476,4,889275,889275,1
1477,0,889276,889276,1
1478,4,889277,889277,1
1479,0,889278,889278,1
1480,4,889279,889279,1
1481,0,889280,889282,3
1482,4,889283,889283,1
1483,0,889284,889284,1
1484,4,889285,889285,1
1485,0,889286,889287,2
1486,4,889288,889288,1
1487,0,889289,889291,3
1488,4,889292,889292,1
1489,0,889293,889293,1
1490,4,889294,889294,1
1491,0,889295,889295,1
1492,4,889296,889296,1
1493,0,889297,889298,2
1494,4,889299,889299,1
1495,0,889300,889302,3
1496,4,889303,889303,1
1497,0,889304,889308,5
1498,4,889309,889309,1
1499,0,889310,889310,1
1500,4,889311,889311,1
1501,0,889312,889312,1
1502,4,889313,889313,1
1503,0,889314,889316,3
1504,4,889317,889319,3
1505,0,889320,889322,3
1506,4,889323,889323,1
1507,0,889324,889326,3
1508,4,889327,889328,2
1509,0,889329,889331,3
1510,4,889332,889332,1
1511,0,889333,889333,1
1512,4,889334,889334,1
1513,0,889335,889336,2
1514,4,889337,889338,2
1515,0,889339,889341,3
1516,4,889342,889342,1
1517,0,889343,889343,1
1518,4,889344,889344,1
1519,0,889345,889350,6
1520,4,889351,889351,1
1521,0,889352,889355,4
1522,4,889356,889356,1
1523,0,889357,889358,2
1524,4,889359,889359,1
1525,0,889360,889372,13
1526,4,889373,889373,1
1527,0,889374,889374,1
1528,4,889375,889377,3
1529,0,889378,889379,2
1530,4,889380,889380,1
1531,0,889381,889383,3
1532,4,889384,889384,1
1533,0,889385,889385,1
1534,4,889386,889389,4
1535,0,889390,889397,8
1536,4,889398,889399,2
1537,0,889400,889401,2
1538,4,889402,889402,1
1539,0,889403,889405,3
1540,4,889406,889408,3
1541,0,889409,889409,1
1542,4,889410,889410,1
1543,0,889411,889411,1
1544,4,889412,889412,1
1545,0,889413,889415,3
1546,4,889416,889416,1
1547,0,889417,889419,3
1548,4,889420,889422,3
1549,0,889423,889424,2
1550,4,889425,889427,3
1551,0,889428,889429,2
1552,4,889430,889430,1
1553,0,889431,889431,1
1554,4,889432,889432,1
1555,0,889433,889434,2
1556,4,889435,889436,2
1557,0,889437,889437,1
1558,4,889438,889438,1
1559,0,889439,889439,1
1560,4,889440,889441,2
1561,0,889442,889442,1
1562,4,889443,889443,1
1563,0,889444,889444,1
1564,4,889445,889447,3
1565,0,889448,889448,1
1566,4,889449,889450,2
1567,0,889451,889451,1
1568,4,889452,889452,1
1569,0,889453,889453,1
1570,4,889454,889463,10
1571,0,889464,889464,1
1572,4,889465,889471,7
1573,0,889472,889472,1
1574,4,889473,889477,5
1575,0,889478,889478,1
1576,4,889479,889480,2
1577,0,889481,889481,1
1578,4,889482,889482,1
1579,0,889483,889483,1
1580,4,889484,889487,4
1581,0,889488,889488,1
1582,4,889489,889490,2
1583,0,889491,889491,1
1584,4,889492,889495,4
1585,0,889496,889496,1
1586,4,889497,889497,1
1587,0,889498,889498,1
1588,4,889499,889501,3
1589,0,889502,891654,2153
1590,4,891655,891655,1
1591,0,891656,891687,32
1592,4,891688,891688,1
1593,0,891689,891711,23
1594,4,891712,891712,1
1595,0,891713,892468,756
1596,4,892469,892469,1
1597,0,892470,892473,4
1598,4,892474,892474,1
1599,0,892475,892475,1
1600,4,892476,892868,393
1601,0,892869,892871,3
1602,4,892872,892872,1
1603,0,892873,892874,2
1604,4,892875,892875,1
1605,0,892876,892877,2
1606,4,892878,892878,1
1607,0,892879,893241,363
1608,4,893242,893242,1
1609,0,893243,893259,17
1610,4,893260,893260,1
1611,0,893261,893261,1
1612,4,893262,893262,1
1613,0,893263,893263,1
1614,4,893264,893265,2
1615,0,893266,893266,1
1616,4,893267,894569,1303
1617,0,894570,894573,4
1618,4,894574,894574,1
1619,0,894575,894872,298
1620,4,894873,894875,3
1621,0,894876,894880,5
1622,4,894881,894882,2
1623,0,894883,895704,822
1624,4,895705,895706,2
1625,0,895707,895885,179
1626,4,895886,895888,3
1627,0,895889,895890,2
1628,4,895891,895894,4
1629,0,895895,895898,4
1630,4,895899,895901,3
1631,0,895902,895905,4
1632,4,895906,895909,4
1633,0,895910,895910,1
1634,4,895911,895913,3
1635,0,895914,895914,1
1636,4,895915,895956,42
1637,0,895957,895962,6
1638,4,895963,895969,7
1639,0,895970,895984,15
1640,4,895985,895985,1
1641,0,895986,896197,212
1642,4,896198,896199,2
1643,0,896200,896200,1
1644,4,896201,896201,1
1645,0,896202,896203,2
1646,4,896204,896205,2
1647,0,896206,896252,47
1648,4,896253,896257,5
1649,0,896258,896258,1
1650,4,896259,896266,8
1651,0,896267,896267,1
1652,4,896268,896273,6
1653,0,896274,896276,3
1654,4,896277,896283,7
1655,0,896284,896286,3
1656,4,896287,896290,4
1657,0,896291,896291,1
1658,4,896292,896298,7
1659,0,896299,896299,1
1660,4,896300,896306,7
1661,0,896307,896307,1
1662,4,896308,896313,6
1663,0,896314,896314,1
1664,4,896315,896316,2
1665,0,896317,896321,5
1666,4,896322,896326,5
1667,0,896327,896327,1
1668,4,896328,896330,3
1669,0,896331,896402,72
1670,4,896403,896405,3
1671,0,896406,896417,12
1672,4,896418,896418,1
1673,0,896419,896421,3
1674,4,896422,896428,7
1675,0,896429,896675,247
1676,4,896676,896683,8
1677,0,896684,896685,2
1678,4,896686,896687,2
1679,0,896688,896688,1
1680,4,896689,896693,5
1681,0,896694,896819,126
1682,4,896820,896824,5
1683,0,896825,896826,2
1684,4,896827,896842,16
1685,0,896843,896844,2
1686,4,896845,896852,8
1687,0,896853,896854,2
1688,4,896855,896875,21
1689,0,896876,896878,3
1690,4,896879,896906,28
1691,0,896907,896907,1
1692,4,896908,896909,2
1693,0,896910,896910,1
1694,4,896911,896915,5
1695,0,896916,896918,3
1696,4,896919,896923,5
1697,0,896924,896947,24
1698,4,896948,896949,2
1699,0,896950,896953,4
1700,4,896954,896954,1
1701,0,896955,896958,4
1702,4,896959,896977,19
1703,0,896978,911689,14712
1704,4,911690,911690,1
1705,0,911691,911700,10
1706,4,911701,911701,1
1707,0,911702,911702,1
1708,4,911703,913633,1931
1709,0,913634,915826,2193
1710,4,915827,915827,1
1711,0,915828,915828,1
1712,4,915829,915830,2
1713,0,915831,915831,1
1714,4,915832,915834,3
1715,0,915835,915835,1
1716,4,915836,921730,5895
1717,0,921731,924429,2699
1718,4,924430,924975,546
1719,0,924976,924976,1
1720,4,924977,924981,5
1721,0,924982,924982,1
1722,4,924983,924986,4
1723,0,924987,924988,2
1724,4,924989,924989,1
1725,0,924990,924990,1
1726,4,924991,924994,4
1727,0,924995,924997,3
1728,4,924998,924998,1
1729,0,924999,924999,1
1730,4,925000,925001,2
1731,0,925002,925002,1
1732,4,925003,925003,1
1733,0,925004,973160,48157
1734,4,973161,974543,1383
1735,0,974544,974544,1
1736,4,974545,974545,1
1737,0,974546,974546,1
1738,4,974547,974547,1
1739,0,974548,974548,1
1740,4,974549,974549,1
1741,0,974550,976097,1548
1742,4,976098,976098,1
1743,0,976099,976102,4
1744,4,976103,976104,2
1745,0,976105,976105,1
1746,4,976106,976107,2
1747,0,976108,976108,1
1748,4,976109,976109,1
1749,0,976110,976110,1
1750,4,976111,976595,485
1751,0,976596,976596,1
1752,4,976597,976597,1
1753,0,976598,976603,6
1754,4,976604,976604,1
1755,0,976605,976605,1
1756,4,976606,976606,1
1757,0,976607,976607,1
1758,4,976608,976608,1
1759,0,976609,976609,1
1760,4,976610,976611,2
1761,0,976612,976613,2
1762,4,976614,976614,1
1763,0,976615,976617,3
1764,4,976618,976618,1
1765,0,976619,976619,1
1766,4,976620,976620,1
1767,0,976621,976621,1
1768,4,976622,976623,2
1769,0,976624,976624,1
1770,4,976625,976625,1
1771,0,976626,976626,1
1772,4,976627,976630,4
1773,0,976631,976633,3
1774,4,976634,976688,55
1775,0,976689,976692,4
1776,4,976693,976693,1
1777,0,976694,976695,2
1778,4,976696,976696,1
1779,0,976697,976704,8
1780,4,976705,976705,1
1781,0,976706,976908,203
1782,4,976909,976909,1
1783,0,976910,976912,3
1784,4,976913,976913,1
1785,0,976914,976914,1
1786,4,976915,976916,2
1787,0,976917,976934,18
1788,4,976935,976935,1
1789,0,976936,976937,2
1790,4,976938,976938,1
1791,0,976939,976941,3
1792,4,976942,976942,1
1793,0,976943,976945,3
1794,4,976946,976946,1
1795,0,976947,976948,2
1796,4,976949,976949,1
1797,0,976950,976950,1
1798,4,976951,976953,3
1799,0,976954,976954,1
1800,4,976955,976955,1
1801,0,976956,976956,1
1802,4,976957,977000,44
1803,0,977001,977001,1
1804,4,977002,977002,1
1805,0,977003,977004,2
1806,4,977005,977005,1
1807,0,977006,977006,1
1808,4,977007,977007,1
1809,0,977008,977008,1
1810,4,977009,977009,1
1811,0,977010,978100,1091
1812,4,978101,978102,2
1813,0,978103,978104,2
1814,4,978105,978107,3
1815,0,978108,978108,1
1816,4,978109,978110,2
1817,0,978111,978112,2
1818,4,978113,978116,4
1819,0,978117,978117,1
1820,4,978118,978319,202
1821,0,978320,978320,1
1822,4,978321,978372,52
1823,0,978373,978373,1
1824,4,978374,978396,23
1825,0,978397,978397,1
1826,4,978398,978410,13
1827,0,978411,978411,1
1828,4,978412,978416,5
1829,0,978417,978417,1
1830,4,978418,978421,4
1831,0,978422,978422,1
1832,4,978423,978429,7
1833,0,978430,978430,1
1834,4,978431,978433,3
1835,0,978434,978436,3
1836,4,978437,978441,5
1837,0,978442,978442,1
1838,4,978443,978471,29
1839,0,978472,978472,1
1840,4,978473,978488,16
1841,0,978489,978490,2
1842,4,978491,978499,9
1843,0,978500,978500,1
1844,4,978501,978509,9
1845,0,978510,978510,1
1846,4,978511,978514,4
1847,0,978515,978515,1
1848,4,978516,978518,3
1849,0,978519,978519,1
1850,4,978520,978520,1
1851,0,978521,978521,1
1852,4,978522,978526,5
1853,0,978527,978528,2
1854,4,978529,978529,1
1855,0,978530,978530,1
1856,4,978531,978540,10
1857,0,978541,978541,1
1858,4,978542,978544,3
1859,0,978545,978545,1
1860,4,978546,978556,11
1861,0,978557,978558,2
1862,4,978559,978565,7
1863,0,978566,988469,9904
1864,2,988470,989080,611
1865,0,989081,989369,289
1866,3,989370,989970,601
1867,4,989971,989978,8
1868,0,989979,990568,590
1869,1,990569,991180,612
1870,4,991181,991181,1
1871,0,991182,991769,588
1872,2,991770,992379,610
1873,0,992380,992670,291
1874,3,992671,993268,598
1875,4,993269,993277,9
1876,0,993278,993869,592
1877,1,993870,994483,614
1878,4,994484,994484,1
1879,0,994485,996327,1843
1880,4,996328,996328,1
1881,0,996329,996330,2
1882,4,996331,996331,1
1883,0,996332,996335,4
1884,4,996336,998108,1773
1885,0,998109,999141,1033
1886,4,999142,999142,1
1887,0,999143,1000504,1362
1888,4,1000505,1000505,1
1889,0,1000506,1000509,4
1890,4,1000510,1006495,5986
1891,0,1006496,1057283,50788
1892,4,1057284,1058763,1480
1893,0,1058764,1058764,1
1894,4,1058765,1058773,9
1895,0,1058774,1058775,2
1896,4,1058776,1058776,1
1897,0,1058777,1058777,1
1898,4,1058778,1058778,1
1899,0,1058779,1058779,1
1900,4,1058780,1058780,1
1901,0,1058781,1058785,5
1902,4,1058786,1058786,1
1903,0,1058787,1058789,3
1904,4,1058790,1058790,1
1905,0,1058791,1058795,5
1906,4,1058796,1058796,1
1907,0,1058797,1060223,1427
1908,4,1060224,1060224,1
1909,0,1060225,1060227,3
1910,4,1060228,1060228,1
1911,0,1060229,1060231,3
1912,4,1060232,1060232,1
1913,0,1060233,1060234,2
1914,4,1060235,1060235,1
1915,0,1060236,1060238,3
1916,4,1060239,1060239,1
1917,0,1060240,1060242,3
1918,4,1060243,1060243,1
1919,0,1060244,1060245,2
1920,4,1060246,1060246,1
1921,0,1060247,1060249,3
1922,4,1060250,1060250,1
1923,0,1060251,1060265,15
1924,4,1060266,1060266,1
1925,0,1060267,1060270,4
1926,4,1060271,1060271,1
1927,0,1060272,1060277,6
1928,4,1060278,1060278,1
1929,0,1060279,1060281,3
1930,4,1060282,1060282,1
1931,0,1060283,1060288,6
1932,4,1060289,1060289,1
1933,0,1060290,1060292,3
1934,4,1060293,1060293,1
1935,0,1060294,1060295,2
1936,4,1060296,1060296,1
1937,0,1060297,1060299,3
1938,4,1060300,1060300,1
1939,0,1060301,1060303,3
1940,4,1060304,1060304,1
1941,0,1060305,1060306,2
1942,4,1060307,1060307,1
1943,0,1060308,1060310,3
1944,4,1060311,1060311,1
1945,0,1060312,1060313,2
1946,4,1060314,1060315,2
1947,0,1060316,1060318,3
1948,4,1060319,1060319,1
1949,0,1060320,1060320,1
1950,4,1060321,1060321,1
1951,0,1060322,1060322,1
1952,4,1060323,1060323,1
1953,0,1060324,1060325,2
1954,4,1060326,1060326,1
1955,0,1060327,1060327,1
1956,4,1060328,1060328,1
1957,0,1060329,1060330,2
1958,4,1060331,1060331,1
1959,0,1060332,1060332,1
1960,4,1060333,1060333,1
1961,0,1060334,1060342,9
1962,4,1060343,1060343,1
1963,0,1060344,1060347,4
1964,4,1060348,1060348,1
1965,0,1060349,1060349,1
1966,4,1060350,1060350,1
1967,0,1060351,1060353,3
1968,4,1060354,1060354,1
1969,0,1060355,1060356,2
1970,4,1060357,1060357,1
1971,0,1060358,1060358,1
1972,4,1060359,1060359,1
1973,0,1060360,1060360,1
1974,4,1060361,1060361,1
1975,0,1060362,1060362,1
1976,4,1060363,1060363,1
1977,0,1060364,1060364,1
1978,4,1060365,1060365,1
1979,0,1060366,1060367,2
1980,4,1060368,1060368,1
1981,0,1060369,1060369,1
1982,4,1060370,1060370,1
1983,0,1060371,1060371,1
1984,4,1060372,1060372,1
1985,0,1060373,1060373,1
1986,4,1060374,1060728,355
1987,0,1060729,1060729,1
1988,4,1060730,1060733,4
1989,0,1060734,1060734,1
1990,4,1060735,1060735,1
1991,0,1060736,1060738,3
1992,4,1060739,1060739,1
1993,0,1060740,1060741,2
1994,4,1060742,1060742,1
1995,0,1060743,1060743,1
1996,4,1060744,1060744,1
1997,0,1060745,1060745,1
1998,4,1060746,1060747,2
1999,0,1060748,1060749,2
2000,4,1060750,1060750,1
2001,0,1060751,1060754,4
2002,4,1060755,1060755,1
2003,0,1060756,1060758,3
2004,4,1060759,1060759,1
2005,0,1060760,1060763,4
2006,4,1060764,1060764,1
2007,0,1060765,1060767,3
2008,4,1060768,1060768,1
2009,0,1060769,1060776,8
2010,4,1060777,1060777,1
2011,0,1060778,1060787,10
2012,4,1060788,1060788,1
2013,0,1060789,1060798,10
2014,4,1060799,1060799,1
2015,0,1060800,1060806,7
2016,4,1060807,1060807,1
2017,0,1060808,1060810,3
2018,4,1060811,1060811,1
2019,0,1060812,1060813,2
2020,4,1060814,1060815,2
2021,0,1060816,1060817,2
2022,4,1060818,1060818,1
2023,0,1060819,1060819,1
2024,4,1060820,1060820,1
2025,0,1060821,1060821,1
2026,4,1060822,1060822,1
2027,0,1060823,1060823,1
2028,4,1060824,1060843,20
2029,0,1060844,1060850,7
2030,4,1060851,1060925,75
2031,0,1060926,1060926,1
2032,4,1060927,1060927,1
2033,0,1060928,1060928,1
2034,4,1060929,1061473,545
2035,0,1061474,1061474,1
2036,4,1061475,1061475,1
2037,0,1061476,1061476,1
2038,4,1061477,1061477,1
2039,0,1061478,1061478,1
2040,4,1061479,1061479,1
2041,0,1061480,1061480,1
2042,4,1061481,1061481,1
2043,0,1061482,1061483,2
2044,4,1061484,1061484,1
2045,0,1061485,1061487,3
2046,4,1061488,1061488,1
2047,0,1061489,1061490,2
2048,4,1061491,1061491,1
2049,0,1061492,1061749,258
2050,4,1061750,1061750,1
2051,0,1061751,1061753,3
2052,4,1061754,1061754,1
2053,0,1061755,1061756,2
2054,4,1061757,1061759,3
2055,0,1061760,1061760,1
2056,4,1061761,1061994,234
2057,0,1061995,1061995,1
2058,4,1061996,1061996,1
2059,0,1061997,1061997,1
2060,4,1061998,1061998,1
2061,0,1061999,1062217,219
2062,4,1062218,1062220,3
2063,0,1062221,1062224,4
2064,4,1062225,1062225,1
2065,0,1062226,1062229,4
2066,4,1062230,1062235,6
2067,0,1062236,1062236,1
2068,4,1062237,1062249,13
2069,0,1062250,1062251,2
2070,4,1062252,1062271,20
2071,0,1062272,1062272,1
2072,4,1062273,1062293,21
2073,0,1062294,1062294,1
2074,4,1062295,1062303,9
2075,0,1062304,1062308,5
2076,4,1062309,1062350,42
2077,0,1062351,1062351,1
2078,4,1062352,1062357,6
2079,0,1062358,1062358,1
2080,4,1062359,1062463,105
2081,0,1062464,1062464,1
2082,4,1062465,1062484,20
2083,0,1062485,1062486,2
2084,4,1062487,1062489,3
2085,0,1062490,1062490,1
2086,4,1062491,1062497,7
2087,0,1062498,1062498,1
2088,4,1062499,1062530,32
2089,0,1062531,1062531,1
2090,4,1062532,1062540,9
2091,0,1062541,1062542,2
2092,4,1062543,1062554,12
2093,0,1062555,1062555,1
2094,4,1062556,1062565,10
2095,0,1062566,1062567,2
2096,4,1062568,1062585,18
2097,0,1062586,1062587,2
2098,4,1062588,1062641,54
2099,0,1062642,1062642,1
2100,4,1062643,1062647,5
2101,0,1062648,1062648,1
2102,4,1062649,1062655,7
2103,0,1062656,1062661,6
2104,4,1062662,1062664,3
2105,0,1062665,1062665,1
2106,4,1062666,1062667,2
2107,0,1062668,1062668,1
2108,4,1062669,1062670,2
2109,0,1062671,1069469,6799
2110,4,1069470,1069470,1
2111,0,1069471,1072282,2812
2112,2,1072283,1072926,644
2113,0,1072927,1073214,288
2114,3,1073215,1073814,600
2115,4,1073815,1073823,9
2116,0,1073824,1074413,590
2117,1,1074414,1075032,619
2118,4,1075033,1075035,3
2119,0,1075036,1075649,614
2120,2,1075650,1076227,578
2121,0,1076228,1076513,286
2122,3,1076514,1077119,606
2123,4,1077120,1077128,9
2124,0,1077129,1077712,584
2125,1,1077713,1078325,613
2126,4,1078326,1078326,1
2127,0,1078327,1080158,1832
2128,4,1080159,1080159,1
2129,0,1080160,1080165,6
2130,4,1080166,1080166,1
2131,0,1080167,1080167,1
2132,4,1080168,1081962,1795
2133,0,1081963,1084183,2221
2134,4,1084184,1084184,1
2135,0,1084185,1084186,2
2136,4,1084187,1084189,3
2137,0,1084190,1084190,1
2138,4,1084191,1086795,2605
2139,0,1086796,1086796,1
2140,4,1086797,1090114,3318
2141,0,1090115,1143879,53765
2142,4,1143880,1143990,111
2143,0,1143991,1143992,2
2144,4,1143993,1144088,96
2145,0,1144089,1145633,1545
2146,4,1145634,1145634,1
2147,0,1145635,1145636,2
2148,4,1145637,1145637,1
2149,0,1145638,1145638,1
2150,4,1145639,1146062,424
2151,0,1146063,1153067,7005
2152,4,1153068,1153068,1
2153,0,1153069,1156334,3266
2154,4,1156335,1156345,11
2155,2,1156346,1156935,590
2156,0,1156936,1157235,300
2157,3,1157236,1157835,600
2158,4,1157836,1157843,8
2159,0,1157844,1158435,592
2160,4,1158436,1158444,9
2161,1,1158445,1159035,591
2162,4,1159036,1159044,9
2163,2,1159045,1159050,6
2164,4,1159051,1159053,3
2165,0,1159054,1159586,533
2166,4,1159587,1159587,1
2167,0,1159588,1159635,48
2168,3,1159636,1159637,2
2169,4,1159638,1159652,15
2170,2,1159653,1159655,3
2171,4,1159656,1159656,1
2172,2,1159657,1160235,579
2173,3,1160236,1160236,1
2174,4,1160237,1160246,10
2175,0,1160247,1160534,288
2176,3,1160535,1161135,601
2177,4,1161136,1161143,8
2178,0,1161144,1161734,591
2179,4,1161735,1161743,9
2180,1,1161744,1161745,2
2181,4,1161746,1161746,1
2182,1,1161747,1162255,509
2183,4,1162256,1162256,1
2184,1,1162257,1162259,3
2185,4,1162260,1162260,1
2186,1,1162261,1162275,15
2187,4,1162276,1162276,1
2188,1,1162277,1162336,60
2189,4,1162337,1162344,8
2190,2,1162345,1162350,6
2191,4,1162351,1162353,3
2192,0,1162354,1163744,1391
2193,4,1163745,1163745,1
2194,0,1163746,1163746,1
2195,4,1163747,1163747,1
2196,0,1163748,1163748,1
2197,4,1163749,1163749,1
2198,0,1163750,1163753,4
2199,4,1163754,1165734,1981
2200,0,1165735,1168001,2267
2201,4,1168002,1168002,1
2202,0,1168003,1168003,1
2203,4,1168004,1174323,6320
2204,0,1174324,1230228,55905
2205,4,1230229,1230327,99
2206,0,1230328,1231892,1565
2207,4,1231893,1232286,394
2208,0,1232287,1235781,3495
2209,4,1235782,1235782,1
2210,0,1235783,1242671,6889
2211,3,1242672,1242675,4
2212,4,1242676,1242690,15
2213,2,1242691,1243200,510
2214,3,1243201,1243203,3
2215,4,1243204,1243210,7
2216,0,1243211,1243507,297
2217,3,1243508,1244106,599
2218,4,1244107,1244115,9
2219,0,1244116,1244406,291
2220,4,1244407,1244415,9
2221,1,1244416,1244622,207
2222,4,1244623,1244623,1
2223,1,1244624,1245007,384
2224,4,1245008,1245014,7
2225,2,1245015,1245019,5
2226,4,1245020,1245022,3
2227,0,1245023,1245307,285
2228,4,1245308,1245319,12
2229,1,1245320,1245907,588
2230,4,1245908,1245916,9
2231,2,1245917,1245922,6
2232,4,1245923,1245924,2
2233,0,1245925,1246512,588
2234,3,1246513,1247107,595
2235,4,1247108,1247115,8
2236,0,1247116,1247506,391
2237,3,1247507,1247508,2
2238,4,1247509,1247523,15
2239,2,1247524,1248095,572
2240,3,1248096,1248097,2
2241,4,1248098,1248104,7
2242,0,1248105,1249995,1891
2243,4,1249996,1249996,1
2244,0,1249997,1249997,1
2245,4,1249998,1251588,1591
2246,0,1251589,1254235,2647
2247,4,1254236,1254236,1
2248,0,1254237,1254243,7
2249,4,1254244,1254244,1
2250,0,1254245,1254245,1
2251,4,1254246,1260134,5889
2252,0,1260135,1316214,56080
2253,4,1316215,1316596,382
2254,0,1316597,1318213,1617
2255,4,1318214,1318214,1
2256,0,1318215,1318215,1
2257,4,1318216,1318656,441
2258,0,1318657,1330764,12108
2259,3,1330765,1330766,2
2260,4,1330767,1330780,14
2261,2,1330781,1331361,581
2262,3,1331362,1331363,2
2263,4,1331364,1331372,9
2264,0,1331373,1331661,289
2265,4,1331662,1331662,1
2266,3,1331663,1332261,599
2267,4,1332262,1332270,9
2268,0,1332271,1332861,591
2269,4,1332862,1332870,9
2270,1,1332871,1333461,591
2271,4,1333462,1333468,7
2272,2,1333469,1333474,6
2273,4,1333475,1333477,3
2274,0,1333478,1334061,584
2275,4,1334062,1334062,1
2276,3,1334063,1334063,1
2277,4,1334064,1334077,14
2278,2,1334078,1334661,584
2279,4,1334662,1334662,1
2280,3,1334663,1334663,1
2281,4,1334664,1334671,8
2282,0,1334672,1334961,290
2283,3,1334962,1335561,600
2284,4,1335562,1335569,8
2285,0,1335570,1336161,592
2286,4,1336162,1336170,9
2287,1,1336171,1336761,591
2288,4,1336762,1336770,9
2289,2,1336771,1336776,6
2290,4,1336777,1336779,3
2291,0,1336780,1340544,3765
2292,4,1340545,1340545,1
2293,0,1340546,1340550,5
2294,4,1340551,1340551,1
2295,0,1340552,1340553,2
2296,4,1340554,1342962,2409
2297,0,1342963,1342963,1
2298,4,1342964,1343162,199
2299,0,1343163,1343164,2
2300,4,1343165,1343180,16
2301,0,1343181,1343196,16
2302,4,1343197,1346466,3270
2303,0,1346467,1346578,112
2304,4,1346579,1346579,1
2305,0,1346580,1346595,16
2306,4,1346596,1346596,1
2307,0,1346597,1373797,27201
